{"bits": [0, 0, 0, 0, 0, 0, 0, 0, 1, 0, 0, 0, 0, 0, 0, 0, 1, 0, 1, 0, 0, 0, 0, 0, 1, 0, 1, 0, 1, 1, 1, 0, 0, 0, 0, 0, 0, 0, 0, 0, 1, 0, 0, 1, 1, 0, 0, 1, 1, 1, 0, 0, 0, 0, 0, 0, 1, 0, 1, 0, 0, 0, 1, 0, 0, 1, 1, 0, 0, 0, 0, 0, 0, 0, 0, 0, 0, 0, 0, 0, 0, 1, 0, 0, 0, 0, 0, 0, 0, 0, 0, 0, 0, 0, 1, 0, 0, 0, 0, 0, 0, 0, 0, 0, 1, 1, 0, 0, 0, 1, 0, 0, 0, 0, 0, 0, 1, 1, 0, 1, 1, 0, 0, 0, 0, 1, 1, 1, 0, 0, 0, 1, 0, 0, 0, 0, 0, 1, 0, 0, 1, 0, 0, 0, 0, 0, 1, 0, 1, 0, 0, 0, 0, 0, 0, 0, 0, 0, 1, 0, 0, 0, 1, 0, 0, 0, 0, 0, 1, 0, 0, 1, 1, 0, 0, 0, 0, 1, 0], "conf": [0.2, 0.6200000000000001, 0.12000000000000001, 0.12000000000000001, 0.24, 0.12, 0.27999999999999997, 0.08, 0.2, 0.08, 0.2, 0.22, 0.18, 0.2, 0.36, 0.18000000000000002, 0.26, 0.16, 0.36, 0.32, 0.32, 0.08, 0.14, 0.3, 0.08, 0.16, 0.3, 0.34, 0.34, 0.1, 0.22000000000000003, 0.18000000000000002, 0.14, 0.24, 0.1, 0.18, 0.04, 0.4, 0.08, 0.13999999999999999, 0.12, 0.22000000000000003, 0.22, 0.12000000000000001, 0.12000000000000001, 0.22, 0.08, 0.42000000000000004, 0.22, 0.1, 0.1, 0.12, 0.16, 0.16, 0.22, 0.08, 0.12000000000000001, 0.1, 0.06, 0.1, 0.34, 0.12, 0.36, 0.18, 0.22, 0.28, 0.26, 0.4, 0.28, 0.1, 0.14, 0.27999999999999997, 0.3, 0.08, 0.18, 0.16, 0.33999999999999997, 0.3, 0.08, 0.24000000000000002, 0.2, 0.22, 0.32, 0.1, 0.24, 0.22000000000000003, 0.06, 0.14, 0.24, 0.38, 0.18, 0.1, 0.34, 0.38, 0.30000000000000004, 0.04, 0.08, 0.34, 0.12, 0.06, 0.14, 0.08, 0.04, 0.4, 0.12, 0.18, 0.06, 0.2, 0.24000000000000002, 0.2, 0.16, 0.1, 0.18, 0.34, 0.06, 0.16, 0.44, 0.18, 0.16, 0.14, 0.32, 0.42000000000000004, 0.06, 0.02, 0.24000000000000002, 0.18, 0.26, 0.24, 0.08, 0.36, 0.1, 0.2, 0.38, 0.24, 0.14, 0.18, 0.3, 0.18000000000000002, 0.24000000000000002, 0.18000000000000002, 0.14, 0.16, 0.02, 0.24000000000000002, 0.14, 0.1, 0.18, 0.3, 0.16, 0.18, 0.08, 0.16, 0.1, 0.24, 0.12, 0.2, 0.26, 0.16, 0.28, 0.12, 0.16, 0.16, 0.24000000000000002, 0.2, 0.0, 0.12, 0.26, 0.1, 0.32, 0.08, 0.18, 0.1, 0.18, 0.44, 0.3, 0.13999999999999999, 0.18, 0.12000000000000001, 0.06], "n": 1503916227869369513565536733082704917343779479946434}